USE CampeonatosFIFA
GO

/* Agregar registros de PAIS */
SET IDENTITY_INSERT Pais ON
INSERT INTO Pais (Id, Pais, Entidad) VALUES(   0, '** Desconocido **', '');
INSERT INTO Pais (Id, Pais, Entidad) VALUES(   1, 'Colombia', 'Federación Colombiana de Futbol');
INSERT INTO Pais (Id, Pais, Entidad) VALUES(   2, 'Argentina', 'Asociación de Futbol Argentino');
INSERT INTO Pais (Id, Pais, Entidad) VALUES(   3, 'Sudáfrica', 'Sin Entidad');
INSERT INTO Pais (Id, Pais, Entidad) VALUES(   4, 'Alemania', 'Federación Alemana de Futbol');
INSERT INTO Pais (Id, Pais, Entidad) VALUES(   5, 'Japón', 'Sin Entidad');
INSERT INTO Pais (Id, Pais, Entidad) VALUES(   6, 'Francia', 'Federación de Futbol de Francia');
INSERT INTO Pais (Id, Pais, Entidad) VALUES(   7, 'Estados Unidos', 'Sin Entidad');
INSERT INTO Pais (Id, Pais, Entidad) VALUES(   8, 'Italia', 'Sin Entidad');
INSERT INTO Pais (Id, Pais, Entidad) VALUES(   9, 'México', 'Federación Mexicana de Futbol Asociado');
INSERT INTO Pais (Id, Pais, Entidad) VALUES(  10, 'España', 'Real Federación Española de Futbol');
INSERT INTO Pais (Id, Pais, Entidad) VALUES(  11, 'Brasil', 'Confederación Brasileña de Futbol');
INSERT INTO Pais (Id, Pais, Entidad) VALUES(  12, 'Panamá', 'Sin Entidad');
INSERT INTO Pais (Id, Pais, Entidad) VALUES(  13, 'Costa Rica', 'Sin Entidad');
INSERT INTO Pais (Id, Pais, Entidad) VALUES(  14, 'Honduras', 'Sin Entidad');
INSERT INTO Pais (Id, Pais, Entidad) VALUES(  15, 'Paraguay', 'Asociación Paraguaya de Futbol');
INSERT INTO Pais (Id, Pais, Entidad) VALUES(  16, 'Guatemala', 'Sin Entidad');
INSERT INTO Pais (Id, Pais, Entidad) VALUES(  17, 'Venezuela', 'Federación Venezolana de Futbol');
INSERT INTO Pais (Id, Pais, Entidad) VALUES(  18, 'Nicaragua', 'Sin Entidad');
INSERT INTO Pais (Id, Pais, Entidad) VALUES(  19, 'Grecia', 'Federación de Futbol Helénica');
INSERT INTO Pais (Id, Pais, Entidad) VALUES(  20, 'Ecuador', 'Sin Entidad');
INSERT INTO Pais (Id, Pais, Entidad) VALUES(  21, 'Holanda', 'Sin Entidad');
INSERT INTO Pais (Id, Pais, Entidad) VALUES(  22, 'Canadá', 'Sin Entidad');

INSERT INTO Pais (Id, Pais, Entidad) VALUES(  23, 'El Salvador', 'Sin Entidad');
INSERT INTO Pais (Id, Pais, Entidad) VALUES(  24, 'Cuba', 'Sin Entidad');
INSERT INTO Pais (Id, Pais, Entidad) VALUES(  25, 'República Dominicana', 'Federación Dominicana de Fútbol');
INSERT INTO Pais (Id, Pais, Entidad) VALUES(  26, 'Jamaica', 'Sin Entidad');
INSERT INTO Pais (Id, Pais, Entidad) VALUES(  27, 'Uruguay', 'Asociacion Uruguaya de Futbol');
INSERT INTO Pais (Id, Pais, Entidad) VALUES(  28, 'Inglaterra', 'Sin Entidad');
INSERT INTO Pais (Id, Pais, Entidad) VALUES(  29, 'Argelia', 'Sin Entidad');
INSERT INTO Pais (Id, Pais, Entidad) VALUES(  30, 'Eslovenia', 'Sin Entidad');
INSERT INTO Pais (Id, Pais, Entidad) VALUES(  31, 'Ghana', 'Sin Entidad');
INSERT INTO Pais (Id, Pais, Entidad) VALUES(  32, 'Australia', 'Sin Entidad');
INSERT INTO Pais (Id, Pais, Entidad) VALUES(  33, 'Serbia', 'Sin Entidad');
INSERT INTO Pais (Id, Pais, Entidad) VALUES(  34, 'Eslovaquia', 'Sin Entidad');

INSERT INTO Pais (Id, Pais, Entidad) VALUES(  35, 'Camerún', 'Federación Camerunense de Futbol');
INSERT INTO Pais (Id, Pais, Entidad) VALUES(  36, 'Costa de Marfil', 'Sin Entidad');
INSERT INTO Pais (Id, Pais, Entidad) VALUES(  37, 'Dinamarca', 'Sin Entidad');
INSERT INTO Pais (Id, Pais, Entidad) VALUES(  38, 'Portugal', 'Federación Portuguesa de Futbol');
INSERT INTO Pais (Id, Pais, Entidad) VALUES(  39, 'Noruega', 'Sin Entidad');
INSERT INTO Pais (Id, Pais, Entidad) VALUES(  40, 'Escocia', 'Asociación Escocesa de Futbol');
INSERT INTO Pais (Id, Pais, Entidad) VALUES(  41, 'Marruecos', 'Sin Entidad');
INSERT INTO Pais (Id, Pais, Entidad) VALUES(  42, 'Chile', 'Sin Entidad');
INSERT INTO Pais (Id, Pais, Entidad) VALUES(  43, 'Austria', 'Sin Entidad');
INSERT INTO Pais (Id, Pais, Entidad) VALUES(  45, 'Egipto', 'Sin Entidad');
INSERT INTO Pais (Id, Pais, Entidad) VALUES(  46, 'Trinidad y Tobago', 'Sin Entidad');
INSERT INTO Pais (Id, Pais, Entidad) VALUES(  47, 'Corea del Sur', 'Sin Entidad');
INSERT INTO Pais (Id, Pais, Entidad) VALUES(  48, 'Corea del Norte', 'Sin Entidad');
INSERT INTO Pais (Id, Pais, Entidad) VALUES(  49, 'Rusia', 'Sin Entidad');
INSERT INTO Pais (Id, Pais, Entidad) VALUES(  50, 'Ukrania', 'Sin Entidad');
INSERT INTO Pais (Id, Pais, Entidad) VALUES(  51, 'Arabia Saudita', 'Sin Entidad');
INSERT INTO Pais (Id, Pais, Entidad) VALUES(  52, 'Nigeria', 'Sin Entidad');
INSERT INTO Pais (Id, Pais, Entidad) VALUES(  53, 'Bulgaria', 'Sin Entidad');
INSERT INTO Pais (Id, Pais, Entidad) VALUES(  54, 'Bélgica', 'Sin Entidad');
INSERT INTO Pais (Id, Pais, Entidad) VALUES(  55, 'Yugoslavia', 'Sin Entidad');
INSERT INTO Pais (Id, Pais, Entidad) VALUES(  56, 'Irán', 'Sin Entidad');
INSERT INTO Pais (Id, Pais, Entidad) VALUES(  57, 'Nueva Zelanda', 'Sin Entidad');
INSERT INTO Pais (Id, Pais, Entidad) VALUES(  58, 'Suiza', 'Sin Entidad');
INSERT INTO Pais (Id, Pais, Entidad) VALUES(  59, 'Croacia', 'Sin Entidad');

SET IDENTITY_INSERT Pais OFF

SET IDENTITY_INSERT Fase ON
INSERT INTO Fase (Id, Fase) VALUES(   0, 'Eliminatorias');
INSERT INTO Fase (Id, Fase) VALUES(   1, 'Grupos');
INSERT INTO Fase (Id, Fase) VALUES(   2, 'Octavos de Final');
INSERT INTO Fase (Id, Fase) VALUES(   3, 'Cuartos de Final');
INSERT INTO Fase (Id, Fase) VALUES(   4, 'Semifinal');
INSERT INTO Fase (Id, Fase) VALUES(   5, 'Final');
SET IDENTITY_INSERT Fase OFF


SET IDENTITY_INSERT Ciudad ON
INSERT INTO Ciudad (Id, Ciudad, IdPais) VALUES(   0, '** Desconocido **',   0);
INSERT INTO Ciudad (Id, Ciudad, IdPais) VALUES(   1, 'México D.F.',   9);
INSERT INTO Ciudad (Id, Ciudad, IdPais) VALUES(   2, 'Johannesburgo',   3);
INSERT INTO Ciudad (Id, Ciudad, IdPais) VALUES(   3, 'Bogotá',   1);
INSERT INTO Ciudad (Id, Ciudad, IdPais) VALUES(   4, 'París',   6);
INSERT INTO Ciudad (Id, Ciudad, IdPais) VALUES(   5, 'Seúl',   4);
INSERT INTO Ciudad (Id, Ciudad, IdPais) VALUES(   6, 'Burdeos', 6); 
INSERT INTO Ciudad (Id, Ciudad, IdPais) VALUES(   7, 'Lens', 6);
INSERT INTO Ciudad (Id, Ciudad, IdPais) VALUES(   8, 'Lyon', 6);
INSERT INTO Ciudad (Id, Ciudad, IdPais) VALUES(   9, 'Marsella', 6);
INSERT INTO Ciudad (Id, Ciudad, IdPais) VALUES(   10, 'Montpellier', 6);
INSERT INTO Ciudad (Id, Ciudad, IdPais) VALUES(   11, 'Nantes', 6);
INSERT INTO Ciudad (Id, Ciudad, IdPais) VALUES(   12, 'Saint-Denis', 6);
INSERT INTO Ciudad (Id, Ciudad, IdPais) VALUES(   13, 'Saint-Étienne', 6);
INSERT INTO Ciudad (Id, Ciudad, IdPais) VALUES(   14, 'Toulouse', 6);
INSERT INTO Ciudad (Id, Ciudad, IdPais) VALUES(   15, 'Bloemfontein', 3);
INSERT INTO Ciudad (Id, Ciudad, IdPais) VALUES(   16, 'Ciudad del Cabo', 3);
INSERT INTO Ciudad (Id, Ciudad, IdPais) VALUES(   17, 'Durban', 3);
INSERT INTO Ciudad (Id, Ciudad, IdPais) VALUES(   18, 'Nelspruit', 3);
INSERT INTO Ciudad (Id, Ciudad, IdPais) VALUES(   19, 'Polokwane', 3);
INSERT INTO Ciudad (Id, Ciudad, IdPais) VALUES(   20, 'Puerto Elizabeth', 3);
INSERT INTO Ciudad (Id, Ciudad, IdPais) VALUES(   21, 'Pretoria', 3);
INSERT INTO Ciudad (Id, Ciudad, IdPais) VALUES(   22, 'Rustenburg', 3);
INSERT INTO Ciudad (Id, Ciudad, IdPais) VALUES(   23, 'Busán', 47);
INSERT INTO Ciudad (Id, Ciudad, IdPais) VALUES(   24, 'Daegu', 47);
INSERT INTO Ciudad (Id, Ciudad, IdPais) VALUES(   25, 'Daejeon', 47);
INSERT INTO Ciudad (Id, Ciudad, IdPais) VALUES(   26, 'Gwangju', 47);
INSERT INTO Ciudad (Id, Ciudad, IdPais) VALUES(   27, 'Incheon', 47);
INSERT INTO Ciudad (Id, Ciudad, IdPais) VALUES(   28, 'Jeonju', 47);
INSERT INTO Ciudad (Id, Ciudad, IdPais) VALUES(   29, 'Seogwipo', 47);
INSERT INTO Ciudad (Id, Ciudad, IdPais) VALUES(   30, 'Suwon', 47);
INSERT INTO Ciudad (Id, Ciudad, IdPais) VALUES(   31, 'Ulsan', 47);
INSERT INTO Ciudad (Id, Ciudad, IdPais) VALUES(   32, 'Ibaraki', 5);
INSERT INTO Ciudad (Id, Ciudad, IdPais) VALUES(   33, 'Kōbe', 5);
INSERT INTO Ciudad (Id, Ciudad, IdPais) VALUES(   34, 'Miyagi', 5);
INSERT INTO Ciudad (Id, Ciudad, IdPais) VALUES(   35, 'Niigata', 5);
INSERT INTO Ciudad (Id, Ciudad, IdPais) VALUES(   36, 'Oita', 5);
INSERT INTO Ciudad (Id, Ciudad, IdPais) VALUES(   37, 'Osaka', 5);
INSERT INTO Ciudad (Id, Ciudad, IdPais) VALUES(   38, 'Saitama', 5);
INSERT INTO Ciudad (Id, Ciudad, IdPais) VALUES(   39, 'Sapporo', 5);
INSERT INTO Ciudad (Id, Ciudad, IdPais) VALUES(   40, 'Shizuoka', 5);
INSERT INTO Ciudad (Id, Ciudad, IdPais) VALUES(   41, 'Yokohama', 5);
INSERT INTO Ciudad (Id, Ciudad, IdPais) VALUES(   42, 'Berlín', 4);
INSERT INTO Ciudad (Id, Ciudad, IdPais) VALUES(   43, 'Colonia', 4);
INSERT INTO Ciudad (Id, Ciudad, IdPais) VALUES(   44, 'Dortmund', 4);
INSERT INTO Ciudad (Id, Ciudad, IdPais) VALUES(   45, 'Fráncfort', 4);
INSERT INTO Ciudad (Id, Ciudad, IdPais) VALUES(   46, 'Gelsenkirchen', 4);
INSERT INTO Ciudad (Id, Ciudad, IdPais) VALUES(   47, 'Hamburgo', 4);
INSERT INTO Ciudad (Id, Ciudad, IdPais) VALUES(   48, 'Hanóver', 4);
INSERT INTO Ciudad (Id, Ciudad, IdPais) VALUES(   49, 'Kaiserslautern', 4);
INSERT INTO Ciudad (Id, Ciudad, IdPais) VALUES(   50, 'Leipzig', 4);
INSERT INTO Ciudad (Id, Ciudad, IdPais) VALUES(   51, 'Múnich', 4);
INSERT INTO Ciudad (Id, Ciudad, IdPais) VALUES(   52, 'Núremberg', 4);
INSERT INTO Ciudad (Id, Ciudad, IdPais) VALUES(   53, 'Stuttgart', 4);
INSERT INTO Ciudad (Id, Ciudad, IdPais) VALUES(   54, 'Armenia', 1);
INSERT INTO Ciudad (Id, Ciudad, IdPais) VALUES(   55, 'Barranquilla', 1);
INSERT INTO Ciudad (Id, Ciudad, IdPais) VALUES(   56, 'Cali', 1);
INSERT INTO Ciudad (Id, Ciudad, IdPais) VALUES(   57, 'Cartagena', 1);
INSERT INTO Ciudad (Id, Ciudad, IdPais) VALUES(   58, 'Manizales', 1);
INSERT INTO Ciudad (Id, Ciudad, IdPais) VALUES(   59, 'Medellín', 1);
INSERT INTO Ciudad (Id, Ciudad, IdPais) VALUES(   60, 'Pereira', 1);
SET IDENTITY_INSERT Ciudad OFF

SET IDENTITY_INSERT Estadio ON
INSERT INTO Estadio (Id, Estadio, IdCiudad, Capacidad) VALUES( 0, '** Desconocido **', 0, 0);
INSERT INTO Estadio (Id, Estadio, IdCiudad, Capacidad) VALUES( 1, 'Estadio Azteca', 1, 114600);
INSERT INTO Estadio (Id, Estadio, IdCiudad, Capacidad) VALUES( 2, 'Stade de France', 4, 80000);
INSERT INTO Estadio (Id, Estadio, IdCiudad, Capacidad) VALUES( 3, 'Parc Lescure', 6, 35200);
INSERT INTO Estadio (Id, Estadio, IdCiudad, Capacidad) VALUES( 4, 'Stade Félix Bollaert', 7, 41275);
INSERT INTO Estadio (Id, Estadio, IdCiudad, Capacidad) VALUES( 5, 'Stade Gerland', 8, 44000);
INSERT INTO Estadio (Id, Estadio, IdCiudad, Capacidad) VALUES( 6, 'Stade Vélodrome', 9, 60000);
INSERT INTO Estadio (Id, Estadio, IdCiudad, Capacidad) VALUES( 7, 'Stade de la Mosson', 10, 30000);
INSERT INTO Estadio (Id, Estadio, IdCiudad, Capacidad) VALUES( 8, 'Stade de la Beaujoire', 11, 40000);
INSERT INTO Estadio (Id, Estadio, IdCiudad, Capacidad) VALUES( 9, 'Parque de los Príncipes', 4, 49500);
INSERT INTO Estadio (Id, Estadio, IdCiudad, Capacidad) VALUES( 10, 'Stade Geoffroy-Guichard', 13, 36000);
INSERT INTO Estadio (Id, Estadio, IdCiudad, Capacidad) VALUES( 11, 'Stade de Toulouse', 14, 35000);
INSERT INTO Estadio (Id, Estadio, IdCiudad, Capacidad) VALUES( 12, 'Estadio Free State', 15, 40911);
INSERT INTO Estadio (Id, Estadio, IdCiudad, Capacidad) VALUES( 13, 'Estadio Green Point', 16, 64100);
INSERT INTO Estadio (Id, Estadio, IdCiudad, Capacidad) VALUES( 14, 'Estadio Moses Mabhida', 17, 62760);
INSERT INTO Estadio (Id, Estadio, IdCiudad, Capacidad) VALUES( 15, 'Estadio Soccer City', 2, 94700);
INSERT INTO Estadio (Id, Estadio, IdCiudad, Capacidad) VALUES( 16, 'Estadio Ellis Park', 2, 55686);
INSERT INTO Estadio (Id, Estadio, IdCiudad, Capacidad) VALUES( 17, 'Estadio Mbombela', 18, 40929);
INSERT INTO Estadio (Id, Estadio, IdCiudad, Capacidad) VALUES( 18, 'Estadio Peter Mokaba', 19, 41733);
INSERT INTO Estadio (Id, Estadio, IdCiudad, Capacidad) VALUES( 19, 'Estadio Nelson Mandela Bay', 20, 42486);
INSERT INTO Estadio (Id, Estadio, IdCiudad, Capacidad) VALUES( 20, 'Estadio Loftus Versfeld', 21, 51762);
INSERT INTO Estadio (Id, Estadio, IdCiudad, Capacidad) VALUES( 21, 'Estadio Royal Bafokeng', 22, 38646);
INSERT INTO Estadio (Id, Estadio, IdCiudad, Capacidad) VALUES( 22, 'Busan Asiad Main Stadium', 23,55982);
INSERT INTO Estadio (Id, Estadio, IdCiudad, Capacidad) VALUES( 23, 'Daegu World Cup Stadium', 24, 68014);
INSERT INTO Estadio (Id, Estadio, IdCiudad, Capacidad) VALUES( 24, 'Daejeon World Cup Stadium', 25, 40407);
INSERT INTO Estadio (Id, Estadio, IdCiudad, Capacidad) VALUES( 25, 'Gwangju World Cup Stadium', 26, 42880);
INSERT INTO Estadio (Id, Estadio, IdCiudad, Capacidad) VALUES( 26, 'Incheon Munhak Stadium', 27, 52179);
INSERT INTO Estadio (Id, Estadio, IdCiudad, Capacidad) VALUES( 27, 'Jeonju World Cup Stadium', 28, 42477);
INSERT INTO Estadio (Id, Estadio, IdCiudad, Capacidad) VALUES( 28, 'Jeju World Cup Stadium', 29, 45650);
INSERT INTO Estadio (Id, Estadio, IdCiudad, Capacidad) VALUES( 29, 'Seoul World Cup Stadium', 5, 63961);
INSERT INTO Estadio (Id, Estadio, IdCiudad, Capacidad) VALUES( 30, 'Suwon World Cup Stadium', 30, 43188);
INSERT INTO Estadio (Id, Estadio, IdCiudad, Capacidad) VALUES( 31, 'Munsu Football Stadium', 31, 43550);
INSERT INTO Estadio (Id, Estadio, IdCiudad, Capacidad) VALUES( 32, 'Kashima Stadium', 32, 42000);
INSERT INTO Estadio (Id, Estadio, IdCiudad, Capacidad) VALUES( 33, 'Home s Stadium', 33, 42000);
INSERT INTO Estadio (Id, Estadio, IdCiudad, Capacidad) VALUES( 34, 'Miyagi Stadium', 34, 49000);
INSERT INTO Estadio (Id, Estadio, IdCiudad, Capacidad) VALUES( 35, 'Niigata Stadium Big Swan', 35, 42300);
INSERT INTO Estadio (Id, Estadio, IdCiudad, Capacidad) VALUES( 36, 'Oita Stadium Big Eye', 36, 43000);
INSERT INTO Estadio (Id, Estadio, IdCiudad, Capacidad) VALUES( 37, 'Osaka Nagai Stadium', 37, 50000);
INSERT INTO Estadio (Id, Estadio, IdCiudad, Capacidad) VALUES( 38, 'Saitama Stadium 2002', 38, 63000);
INSERT INTO Estadio (Id, Estadio, IdCiudad, Capacidad) VALUES( 39, 'Sapporo Dome', 39, 42000);
INSERT INTO Estadio (Id, Estadio, IdCiudad, Capacidad) VALUES( 40, 'Shizuoka Stadium Ecopa', 40, 50600);
INSERT INTO Estadio (Id, Estadio, IdCiudad, Capacidad) VALUES( 41, 'International Stadium Yokohama', 41, 70000);
INSERT INTO Estadio (Id, Estadio, IdCiudad, Capacidad) VALUES( 42, 'Olympiastadion', 42, 76176);
INSERT INTO Estadio (Id, Estadio, IdCiudad, Capacidad) VALUES( 43, 'RheinEnergieStadion', 43, 46120);
INSERT INTO Estadio (Id, Estadio, IdCiudad, Capacidad) VALUES( 44, 'Signal Iduna Park', 44, 66981);
INSERT INTO Estadio (Id, Estadio, IdCiudad, Capacidad) VALUES( 45, 'Commerzbank-Arena', 45, 48132);
INSERT INTO Estadio (Id, Estadio, IdCiudad, Capacidad) VALUES( 46, 'Veltins-Arena', 46, 53804);
INSERT INTO Estadio (Id, Estadio, IdCiudad, Capacidad) VALUES( 47, 'AOL Arena', 47, 51055);
INSERT INTO Estadio (Id, Estadio, IdCiudad, Capacidad) VALUES( 48, 'AWD-Arena', 48, 44652);
INSERT INTO Estadio (Id, Estadio, IdCiudad, Capacidad) VALUES( 49, 'Fritz-Walter-Stadion', 49, 46000);
INSERT INTO Estadio (Id, Estadio, IdCiudad, Capacidad) VALUES( 51, 'Allianz Arena', 51, 66016);
INSERT INTO Estadio (Id, Estadio, IdCiudad, Capacidad) VALUES( 52, 'easyCredit-Stadion', 52, 41926);
INSERT INTO Estadio (Id, Estadio, IdCiudad, Capacidad) VALUES( 53, 'Gottlieb-Daimler-Stadion', 53, 54267);
INSERT INTO Estadio (Id, Estadio, IdCiudad, Capacidad) VALUES( 54, 'Estadio Centenario', 54, 71611);
INSERT INTO Estadio (Id, Estadio, IdCiudad, Capacidad) VALUES( 55, 'Estadio Metropolitano Roberto Meléndez', 55, 78812);
INSERT INTO Estadio (Id, Estadio, IdCiudad, Capacidad) VALUES( 56, 'Estadio Nemesio Camacho El Campín', 3, 34313);
INSERT INTO Estadio (Id, Estadio, IdCiudad, Capacidad) VALUES( 57, 'Estadio Olímpico Pascual Guerrero', 56, 3569414);
INSERT INTO Estadio (Id, Estadio, IdCiudad, Capacidad) VALUES( 58, 'Estadio Olímpico Jaime Morón León', 57, 06815);
INSERT INTO Estadio (Id, Estadio, IdCiudad, Capacidad) VALUES( 59, 'Estadio Palogrande', 58, 67816);
INSERT INTO Estadio (Id, Estadio, IdCiudad, Capacidad) VALUES( 60, 'Estadio Atanasio Girardot', 59, 94317);
INSERT INTO Estadio (Id, Estadio, IdCiudad, Capacidad) VALUES( 61, 'Estadio Hernán Ramírez Villegas', 60, 29718);
SET IDENTITY_INSERT Estadio OFF

SET IDENTITY_INSERT Campeonato ON
INSERT INTO Campeonato (Id, Campeonato, IdPais, Año) VALUES(   1, 'FIFA World Cup 2010',   3,       2010);
INSERT INTO Campeonato (Id, Campeonato, IdPais, Año) VALUES(   2, 'FIFA World Cup 2006',   4,       2006);
INSERT INTO Campeonato (Id, Campeonato, IdPais, Año) VALUES(   3, 'FIFA World Cup 2002',   5,       2002);
INSERT INTO Campeonato (Id, Campeonato, IdPais, Año) VALUES(   4, 'FIFA World Cup 1998',   6,       1998);
INSERT INTO Campeonato (Id, Campeonato, IdPais, Año) VALUES(   5, 'FIFA World Cup 1994',   7,       1994);
INSERT INTO Campeonato (Id, Campeonato, IdPais, Año) VALUES(   6, 'FIFA World Cup 1990',   8,       1990);
INSERT INTO Campeonato (Id, Campeonato, IdPais, Año) VALUES(   7, 'FIFA World Cup U-20 2011',   1,       2011);
INSERT INTO Campeonato (Id, Campeonato, IdPais, Año) VALUES(   8, 'FIFA World Cup U-20 2009',  45,       2009);
INSERT INTO Campeonato (Id, Campeonato, IdPais, Año) VALUES(   9, 'FIFA World Cup 2014',   11,       2014);
SET IDENTITY_INSERT Campeonato OFF

SET IDENTITY_INSERT Grupo ON
INSERT INTO Grupo (Id, Grupo, IdCampeonato) VALUES(   1, 'E',   1);
INSERT INTO Grupo (Id, Grupo, IdCampeonato) VALUES(   2, 'A',   1);
INSERT INTO Grupo (Id, Grupo, IdCampeonato) VALUES(   3, 'B',   1);
INSERT INTO Grupo (Id, Grupo, IdCampeonato) VALUES(   4, 'C',   1);
INSERT INTO Grupo (Id, Grupo, IdCampeonato) VALUES(   5, 'A',   4);
INSERT INTO Grupo (Id, Grupo, IdCampeonato) VALUES(   6, 'B',   4);
INSERT INTO Grupo (Id, Grupo, IdCampeonato) VALUES(   7, 'C',   4);
INSERT INTO Grupo (Id, Grupo, IdCampeonato) VALUES(   8, 'D',   4);
INSERT INTO Grupo (Id, Grupo, IdCampeonato) VALUES(   9, 'E',   4);
INSERT INTO Grupo (Id, Grupo, IdCampeonato) VALUES(  10, 'A',   9);
INSERT INTO Grupo (Id, Grupo, IdCampeonato) VALUES(  11, 'F',   4);
INSERT INTO Grupo (Id, Grupo, IdCampeonato) VALUES(  12, 'D',   1);
INSERT INTO Grupo (Id, Grupo, IdCampeonato) VALUES(  13, 'A',   8);
INSERT INTO Grupo (Id, Grupo, IdCampeonato) VALUES(  14, 'B',   9);
INSERT INTO Grupo (Id, Grupo, IdCampeonato) VALUES(  15, 'F',   1);
INSERT INTO Grupo (Id, Grupo, IdCampeonato) VALUES(  16, 'G',   1);
INSERT INTO Grupo (Id, Grupo, IdCampeonato) VALUES(  17, 'H',   1);
INSERT INTO Grupo (Id, Grupo, IdCampeonato) VALUES(  18, 'C',   9);
SET IDENTITY_INSERT Grupo OFF

INSERT INTO GrupoPais (IdGrupo, IdPais) VALUES(  1,  5);
INSERT INTO GrupoPais (IdGrupo, IdPais) VALUES(  1,  21);
INSERT INTO GrupoPais (IdGrupo, IdPais) VALUES(  1,  35);
INSERT INTO GrupoPais (IdGrupo, IdPais) VALUES(  1,  37);

INSERT INTO GrupoPais (IdGrupo, IdPais) VALUES(  2,  27);
INSERT INTO GrupoPais (IdGrupo, IdPais) VALUES(  2,  9);
INSERT INTO GrupoPais (IdGrupo, IdPais) VALUES(  2,  3);
INSERT INTO GrupoPais (IdGrupo, IdPais) VALUES(  2,  6);

INSERT INTO GrupoPais (IdGrupo, IdPais) VALUES(  3,  2);
INSERT INTO GrupoPais (IdGrupo, IdPais) VALUES(  3,  47);
INSERT INTO GrupoPais (IdGrupo, IdPais) VALUES(  3,  19);
INSERT INTO GrupoPais (IdGrupo, IdPais) VALUES(  3,  52);

INSERT INTO GrupoPais (IdGrupo, IdPais) VALUES(  4,  7);
INSERT INTO GrupoPais (IdGrupo, IdPais) VALUES(  4,  28);
INSERT INTO GrupoPais (IdGrupo, IdPais) VALUES(  4,  29);
INSERT INTO GrupoPais (IdGrupo, IdPais) VALUES(  4,  30);

INSERT INTO GrupoPais (IdGrupo, IdPais) VALUES(  5,  11);
INSERT INTO GrupoPais (IdGrupo, IdPais) VALUES(  5,  39);
INSERT INTO GrupoPais (IdGrupo, IdPais) VALUES(  5,  40);
INSERT INTO GrupoPais (IdGrupo, IdPais) VALUES(  5,  41);

INSERT INTO GrupoPais (IdGrupo, IdPais) VALUES(  6,   8);
INSERT INTO GrupoPais (IdGrupo, IdPais) VALUES(  6,  35);
INSERT INTO GrupoPais (IdGrupo, IdPais) VALUES(  6,  42);
INSERT INTO GrupoPais (IdGrupo, IdPais) VALUES(  6,  43);

INSERT INTO GrupoPais (IdGrupo, IdPais) VALUES(  7,   3);
INSERT INTO GrupoPais (IdGrupo, IdPais) VALUES(  7,   6);
INSERT INTO GrupoPais (IdGrupo, IdPais) VALUES(  7,  37);
INSERT INTO GrupoPais (IdGrupo, IdPais) VALUES(  7,  51);

INSERT INTO GrupoPais (IdGrupo, IdPais) VALUES(  8,  10);
INSERT INTO GrupoPais (IdGrupo, IdPais) VALUES(  8,  15);
INSERT INTO GrupoPais (IdGrupo, IdPais) VALUES(  8,  52);
INSERT INTO GrupoPais (IdGrupo, IdPais) VALUES(  8,  53);

INSERT INTO GrupoPais (IdGrupo, IdPais) VALUES(  9,   9);
INSERT INTO GrupoPais (IdGrupo, IdPais) VALUES(  9,  21);
INSERT INTO GrupoPais (IdGrupo, IdPais) VALUES(  9,  47);
INSERT INTO GrupoPais (IdGrupo, IdPais) VALUES(  9,  54);

INSERT INTO GrupoPais (IdGrupo, IdPais) VALUES( 10,   11);
INSERT INTO GrupoPais (IdGrupo, IdPais) VALUES( 10,   59);
INSERT INTO GrupoPais (IdGrupo, IdPais) VALUES( 10,   9);
INSERT INTO GrupoPais (IdGrupo, IdPais) VALUES( 10,   35);

INSERT INTO GrupoPais (IdGrupo, IdPais) VALUES( 11,   4);
INSERT INTO GrupoPais (IdGrupo, IdPais) VALUES( 11,   7);
INSERT INTO GrupoPais (IdGrupo, IdPais) VALUES( 11,  55);
INSERT INTO GrupoPais (IdGrupo, IdPais) VALUES( 11,  56);

INSERT INTO GrupoPais (IdGrupo, IdPais) VALUES( 12,  4);
INSERT INTO GrupoPais (IdGrupo, IdPais) VALUES( 12,  31);
INSERT INTO GrupoPais (IdGrupo, IdPais) VALUES( 12,  32);
INSERT INTO GrupoPais (IdGrupo, IdPais) VALUES( 12,  33);

INSERT INTO GrupoPais (IdGrupo, IdPais) VALUES( 13,   8);
INSERT INTO GrupoPais (IdGrupo, IdPais) VALUES( 13,  15);
INSERT INTO GrupoPais (IdGrupo, IdPais) VALUES( 13,  45);
INSERT INTO GrupoPais (IdGrupo, IdPais) VALUES( 13,  46);

INSERT INTO GrupoPais (IdGrupo, IdPais) VALUES( 14,   10);
INSERT INTO GrupoPais (IdGrupo, IdPais) VALUES( 14,   21);
INSERT INTO GrupoPais (IdGrupo, IdPais) VALUES( 14,   42);
INSERT INTO GrupoPais (IdGrupo, IdPais) VALUES( 14,   32);

INSERT INTO GrupoPais (IdGrupo, IdPais) VALUES( 15,   15);
INSERT INTO GrupoPais (IdGrupo, IdPais) VALUES( 15,   34);
INSERT INTO GrupoPais (IdGrupo, IdPais) VALUES( 15,   8);
INSERT INTO GrupoPais (IdGrupo, IdPais) VALUES( 15,   57);

INSERT INTO GrupoPais (IdGrupo, IdPais) VALUES( 16,   11);
INSERT INTO GrupoPais (IdGrupo, IdPais) VALUES( 16,   38);
INSERT INTO GrupoPais (IdGrupo, IdPais) VALUES( 16,   36);
INSERT INTO GrupoPais (IdGrupo, IdPais) VALUES( 16,   48);

INSERT INTO GrupoPais (IdGrupo, IdPais) VALUES( 17,   10);
INSERT INTO GrupoPais (IdGrupo, IdPais) VALUES( 17,   42);
INSERT INTO GrupoPais (IdGrupo, IdPais) VALUES( 17,   14);
INSERT INTO GrupoPais (IdGrupo, IdPais) VALUES( 17,   58);

INSERT INTO GrupoPais (IdGrupo, IdPais) VALUES( 18,   1);
INSERT INTO GrupoPais (IdGrupo, IdPais) VALUES( 18,   19);
INSERT INTO GrupoPais (IdGrupo, IdPais) VALUES( 18,   36);
INSERT INTO GrupoPais (IdGrupo, IdPais) VALUES( 18,   5);

SET DATEFORMAT DMY
SET IDENTITY_INSERT Encuentro ON
INSERT INTO Encuentro (Id, IdPais1, IdPais2, IdCampeonato, IdFase, Fecha, Goles1, Goles2, IdEstadio) 
	VALUES(  1,  11,  39,   4,   1, '23/06/1998',   1,   2,   6); --BRASIL 1 - NORUEGA 2 (MARSELLA)
INSERT INTO Encuentro (Id, IdPais1, IdPais2, IdCampeonato, IdFase, Fecha, Goles1, Goles2, IdEstadio) 
	VALUES(  2,  11,  40,   4,   1, '10/06/1998',   2,   1,   2); --BRASIL 2 - ESCOCIA 1 (SAN DENIS)
INSERT INTO Encuentro (Id, IdPais1, IdPais2, IdCampeonato, IdFase, Fecha, Goles1, Goles2, IdEstadio) 
	VALUES(  3,  11,  41,   4,   1, '16/06/1998',   3,   0,   8); --BRASIL 3 - MARRUECOS 0 (NANTES)
INSERT INTO Encuentro (Id, IdPais1, IdPais2, IdCampeonato, IdFase, Fecha, Goles1, Goles2, IdEstadio) 
	VALUES(  4,  39,  40,   4,   1, '16/06/1998',   1,   1,   3); --ESCOCIA 1 - NORUEGA 1 (BURDEOS)
INSERT INTO Encuentro (Id, IdPais1, IdPais2, IdCampeonato, IdFase, Fecha, Goles1, Goles2, IdEstadio) 
	VALUES(  5,  39,  41,   4,   1, '10/06/1998',   2,   2,   7);  --NORUEGA 2 - MARRUECOS 2 (MONTPELIER)
INSERT INTO Encuentro (Id, IdPais1, IdPais2, IdCampeonato, IdFase, Fecha, Goles1, Goles2, IdEstadio) 
	VALUES(  6,  40,  41,   4,   1, '23/06/1998',   0,   3,   10);  --ESCOCIA 0 - MARRUECOS 3 (SAN ETIAN)
SET IDENTITY_INSERT Encuentro OFF

